<?xml version="1.0" encoding="UTF-8"?>
<project-private xmlns="http://www.netbeans.org/ns/project-private/1">
    <editor-bookmarks xmlns="http://www.netbeans.org/ns/editor-bookmarks/2" lastBookmarkId="0"/>
    <open-files xmlns="http://www.netbeans.org/ns/projectui-open-files/2">
        <group>
            <file>file:/C:/Users/engue/Documents/NetBeansProjects/ProjectPenguin_2.0/CSS/membres.css</file>
            <file>file:/C:/Users/engue/Documents/NetBeansProjects/ProjectPenguin_2.0/CSS/addresse.css</file>
            <file>file:/C:/Users/engue/Documents/NetBeansProjects/ProjectPenguin_2.0/Log.php</file>
            <file>file:/C:/Users/engue/Documents/NetBeansProjects/ProjectPenguin_2.0/Addresses.php</file>
            <file>file:/C:/Users/engue/Documents/NetBeansProjects/ProjectPenguin_2.0/index.php</file>
            <file>file:/C:/Users/engue/Documents/NetBeansProjects/ProjectPenguin_2.0/membres.php</file>
            <file>file:/C:/Users/engue/Documents/NetBeansProjects/ProjectPenguin_2.0/Contact.php</file>
            <file>file:/C:/Users/engue/Documents/NetBeansProjects/ProjectPenguin_2.0/AddAdresses.php</file>
            <file>file:/C:/Users/engue/Documents/NetBeansProjects/ProjectPenguin_2.0/CSS/style.css</file>
        </group>
    </open-files>
</project-private>
