<?xml version="1.0" encoding="UTF-8"?>
<project-private xmlns="http://www.netbeans.org/ns/project-private/1">
    <editor-bookmarks xmlns="http://www.netbeans.org/ns/editor-bookmarks/2" lastBookmarkId="0"/>
    <open-files xmlns="http://www.netbeans.org/ns/projectui-open-files/2">
        <group>
            <file>file:/C:/Users/engue/Documents/NetBeansProjects/ProjectPinguin/CSS/bootstrap-3.3.5-dist/css/bootstrap.css</file>
            <file>file:/C:/Users/engue/Documents/NetBeansProjects/ProjectPinguin/index.php</file>
            <file>file:/C:/Users/engue/Documents/NetBeansProjects/ProjectPinguin/CSS/style.css</file>
        </group>
    </open-files>
</project-private>
